123456789/0	abc8a8a2-3228-4384-bb0e-7a7ffa931bd7
123456789/1	e41ee777-daa9-4ad9-98a5-13425d1b23ed
123456789/2	b7b1b7e1-3a94-439e-ade7-f9ef898e272f
123456789/3	e1e182b9-a464-49c6-89a9-7453f23404bd
123456789/4	ba4336ee-0563-4b0b-84ea-d4d4fc99485e
123456789/5	9f445d1d-8fa5-47d5-8d32-e8b860e61328
123456789/6	216554d5-e1c6-4975-be5d-16a435fdbdae
123456789/8	12a6f2d6-4eae-47c9-8bf4-54cf02c01335
123456789/9	f7019f5a-44ba-4a31-a105-b20cc4c20ae1
123456789/10	3ba398cb-0399-41b2-98b7-2ed4220e4fa8
123456789/11	fb4a1d76-ee3c-41c5-a90f-04a4cbf6ef2d
123456789/12	a8b94f7f-986d-479b-80a4-a7b528984380
123456789/13	a54bbc7b-59eb-4a38-849a-e43ef1b8304a
123456789/14	2499711d-8cf0-476d-9534-fe00f0475658
123456789/15	38da3b9e-b576-4d9f-907c-ace9b09861c4
123456789/16	45d8b4dc-5da5-46af-a643-3143b6af9f13
123456789/17	a8be8fdd-3a54-4e70-aa5c-56e24e9e403b
123456789/18	c39ad818-307a-4c7a-9672-4e8e85c0d624
123456789/19	3da62806-eab4-4e50-85f7-c27836c44a3b
123456789/20	fedb15df-f01e-40c5-816e-30aa1e8c6667
123456789/21	53894fe9-2e5a-4cc0-a1a6-0fda50fcae49
123456789/22	75e52dde-8992-4237-9b42-7004977bd3d7
123456789/23	89010e0b-74f4-43f9-be0d-f6b83045feb7
123456789/24	fa1c2a6a-f594-4746-934c-f901c60f2d5a
123456789/25	c636ac62-1683-4b64-a42c-c38fc57c0f89
123456789/26	b85a9096-4fb2-4d61-a9ff-de5ddbc122cc
123456789/27	ea6298eb-c495-43f0-9b47-81ee583acee5
123456789/28	0a4bcc97-9ec2-4dae-b11c-2d868623cb49
123456789/29	2badb32c-192a-457f-8eee-9aa548441cf4
123456789/30	aebacdd7-f06c-45a0-9854-9e12f2103902
123456789/31	24d6bdce-432d-481f-8417-f1b9fca3c745
123456789/32	ddbcf1bb-b3eb-4a76-8936-912786ddbe79
123456789/34	0d605059-7875-4b76-b70e-c49dc73c3dbe
123456789/35	54bab732-de98-4acc-b69f-8738383c06d2
123456789/36	8c6e25d5-1d1f-47fb-9888-894e04e4592c
123456789/37	7e3b76e4-dffe-42b2-9860-ffc46eb37d11
123456789/38	f9b95515-f187-44dc-b2f7-62ec48ac88ce
123456789/39	530d1403-ff34-485d-8ee4-3f186f019bf7
123456789/40	9ecd6365-9d96-49bb-a656-c2ccab8653e2
123456789/41	15fb5a68-0e00-485f-96e8-c10a3dab8007
123456789/42	c8ac9256-7951-49b1-ae86-a41be7894406
123456789/43	a7396fa7-6c95-4712-a053-22f60d852f70
123456789/44	ab76a5ce-1b6e-429a-87d5-404757fa848c
123456789/45	1965ac82-4792-45e1-961a-1de7b843fc2f
123456789/46	2a6e3d3e-7b0d-443d-a8c2-740d456de4f0
123456789/47	91ce1543-4a74-4c94-88dd-07986a7a676b
123456789/48	8c7e552a-5797-4dd1-a35b-85a265feeb3f
123456789/49	320ddf01-74b8-435e-953d-adfa64de928f
123456789/50	731f6403-66f6-46ee-bcdd-e69ed3618535
123456789/51	7e598b76-abda-4c64-852c-f7c048e85857
